월,일,요일,공부량,독서,토탈 집중,수면,시간,수면효율,평가,후기,목표
1월,18일,월,25분,2시간 19분,2시간 45분,7시간 45분,01:15~09:00,88%,,,빅데이터분석기사
1월,19일,화,2시간 26분,1시간 21분,3시간 47분,8시간 3분,00:51~08:54,90%,,,토익 900점 이상
1월,20일,수,2시간 15분,2시간 23분,4시간 39분,7시간 9분,01:21~08:30,91%,,,파이썬 스킬
1월,21일,목,1시간 15분,1시간 22분,2시간 27분,7시간 0분,01:50~08:50,90%,,,포트폴리오 준비하기
1월,22일,금,2시간 54분,1시간 12분,4시간 07분,6시간 32분,02:20~08:52,88%,,,
1월,23일,토,,,,8시간 05분,02:18~10:23,90%,,,
1월,24일,일,,,,,,0%,,,
1월,25일,월,0,2시간 40분,2시간 40분,7시간 51분,01:00~08:51,91%,,,
1월,26일,화,10분,3시간 14분,3시간 25분,7시간 28분,01:22~08:50,88%,,,
1월,27일,수,2시간 31분,11분,2시간 41분,7시간 22분,01:28~08:50,89%,,,
1월,28일,목,2시간 8분,1시간 3분,3시간 12분,7시간 30분,01:20~08:50,90%,,,
1월,29일,금,,,,7시간 57분,00:43~08:42,86%,,,
1월,30일,토,,,,,,,,,
1월,31일,일,,,,,,,,,
2월,01일,월,1시간 16분,12분,1시간 28분,7시간 8분,01:36~08:44,87%,,,
2월,2일,화,,,,7시간 48분,01:01~08:49,92%,,,
2월,3일,수,1시간 2분,34분 44초,1시간 37분,,,,,,
2월,4일,목,3시간 47분,51분,4시간 37분,5시간 49분,00:18~06:07,87%,,,
2월,5일,금,4시간 34분,1시간,5시간 34분,6시간 19분,22:40~04:59,84%,,,
2월,6일,토,,1시간 4분,1시간 4분,11시간 24분,22:34~09:58,88%,,,
2월,7일,일,,,,,,,,,
2월,8일,월,1시간 27분,,1시간 27분,7시간 51분,23:09~07:00,81%,,,
2월,9일,화,4시간 6분,47분,4시간 54분,5시간 28분,23:10~04:38,91%,,,
2월,10일,수,1시간 36분,,1시간 36분,10시간 54분,22:18~09:12,88%,,,
2월,11일,목,3시간 26분,40분,4시간 6분,7시간 33분,23:19~06:52,81%,,,
2월,12일,금,1시간 20분,5분,1시간 25분,4시간 50분,23:11~04:01,88%,,,
2월,13일,토,2시간 54분,,2시간 54분,9시간 9분,22:59~08:08,84%,,,
2월,14일,일,1시간 29분,,1시간 29분,7시간 53분,23:26~07:19,85%,,,
2월,15일,월,2시간 43분,45분,3시간 29분,9시간 19분,22:33~07:52,82%,,,
2월,16일,화,2시간 2분,1시간 2분,3시간 4분,8시간 55분,23:01~07:56,84%,,,
2월,17일,수,2시간 50분,1시간 1분,3시간 52분,8시간 46분,22:47~07:33,89%,,,
2월,18일,목,4시간 52분,1시간 32분,6시간 25분,6시간 5분,22:36~04:41,85%,,,
2월,19일,금,3시간 31분,1시간 3분,4시간 35분,7시간 41분,23:03~06:44,77%,,,
2월,20일,토,6시간 15분,47분,7시간 2분,7시간 27분,22:33~06:00,87%,,,
2월,21일,일,,,,8시간 20분,22:56~07:16,77%,,,
2월,22일,월,,1시간 33분,1시간 33분,9시간 29분,22:25~07:54,78%,,,
2월,23일,화,3시간 25분,1시간 37분,5시간 3분,5시간 10분,23:01~04:11,86%,,,
2월,24일,수,3시간 51분,1시간 45분,5시간 37분,5시간 11분,23:18~04:29,82%,,,
2월,25일,목,6시간 53분,2시간 4분,8시간 58분,5시간 59분,23:10~05:09,86%,,,
2월,26일,금,2시간 32분,1시간 58분,4시간 30분,8시간 5분,22:46~06:51,90%,,,
2월,27일,토,,,,6시간 15분,23:54~06:09,83%,,,
2월,28일,일,1시간 0분,55분,1시간 55분,9시간 50분,23:22~09:12,76%,,,
3월,1일,월,3시간 43분,2시간 27분,6시간 10분,8시간 5분,23:26~07:31,86%,,,
3월,2일,화,3시간 58분,2시간 18분,6시간 17분,7시간 42분,23:10~05:34,84%,,,
3월,3일,수,5시간 14분,3시간 40분,8시간 54분,5시간 43분,23:59~05:42,87%,,,
3월,4일,목,2시간 5분,45분,2시간 50분,7시간 8분,23:12~06:20,87%,,,
3월,5일,금,0,2시간 45분,2시간 45분,6시간 55분,00:22~07:17,89%,,,
3월,6일,토,,31분,31분,8시간 45분,23:16~08:01,83%,,,
3월,7일,일,,,,7시간 15분,02:14~09:29,77%,,,
3월,8일,월,3시간 6분,1시간 39분,4시간 45분,7시간 40분,23:54~07:34,90%,,,
3월,9일,화,3시간 44분,1시간 45분,5시간 29분,7시간 54분,23:36~07:30,86%,,,
3월,10일,수,2시간 46분,1시간 58분,4시간 44분,8시간 34분,23:29~08:03,85%,,,
3월,11일,목,3시간 22분,30분,3시간 52분,8시간 33분,23:18~07:51,87%,,,
3월,12일,금,5시간 15분,1시간 4분,6시간 20분,8시간 35분,22:35~07:10,87%,,,
3월,13일,토,,1시간 8분,1시간 8분,8시간 35분,00:15~08:50,85%,,,
3월,14일,일,1시간 25분,44분,2시간 9분,6시간 50분,,,,,
3월,15일,월,4시간 16분,59분,5시간 15분,7시간 9분,00:42~07:51,86%,,,
3월,16일,화,5시간 1분,1시간 16분,6시간 17분,8시간 24분,23:31~07:55,85%,,,
3월,17일,수,4시간 24분,1시간 17분,5시간 42분,6시간 41분,01:24~08:05,87%,,,
3월,18일,목,1시간 53분,40분,2시간 33분,8시간 38분,23:44~08:22,86%,,,
3월,19일,금,4시간 25분,1시간 7분,5시간 32분,7시간 40분,01:25~09:05,87%,,,
3월,20일,토,1시간 54분,24분,2시간 19분,9시간 2분,23:10~08:12,83%,,,
3월,21일,일,,1시간 30분,1시간 30분,7시간 18분,02:16~09:34,79%,,,
3월,22일,월,3시간 16분,1시간 3분,4시간 19분,8시간 37분,23:46~08:23,89%,,,
3월,23일,화,3시간 17분,1시간 2분,4시간 20분,8시간 28분,23:31~07:59,84%,,,
3월,24일,수,2시간 1분,41분,2시간 42분,8시간 9분,23:33~07:42,87%,,,
3월,25일,목,3시간 16분,46분,4시간 2분,7시간 58분,23:39~07:37,88%,,,
3월,26일,금,2시간 54분,3시간 57분,6시간 52분,6시간 50분,00:21~07:11,88%,,,
3월,27일,토,2시간 50분,,2시간 50분,8시간 16분,23:29~07:45,85%,,,
3월,28일,일,2시간 25분,,2시간 25분,8시간 11분,00:51~09:02,85%,,,
3월,29일,월,3시간 10분,,3시간 10분,6시간 29분,00:41~07:10,88%,,,
3월,30일,화,3시간 34분,7분,3시간 41분,7시간 39분,00:09~07:48,84%,,,
3월,31일,수,4시간 34분,,4시간 34분,7시간 29분,23:53~07:22,90%,,,
4월,1일,목,3시간 47분,,3시간 47분,7시간 13분,00:19~07:32,87%,,,
4월,2일,금,4시간 32분,19분,4시간 52분,9시간 20분,23:16~08:35,80%,,,
4월,3일,토,1시간 38분,,1시간 38분,9시간 38분,23:47~09:25,81%,,,
4월,4일,일,1시간 44분,,1시간 44분,7시간 41분,01:57~09:38,81%,,,
4월,5일,월,3시간 28분,,3시간 28분,8시간 5분,00:03~08:08,85%,,,
4월,6일,화,2시간 28분,,2시간 28분,7시간 55분,00:01~07:56,89%,,,
4월,7일,수,4시간 46분,,4시간 46분,7시간 20분,23:50~07:10,88%,,,
4월,8일,목,5시간 30분,,5시간 30분,6시간 20분,00:38~06:58,90%,,,
4월,9일,금,5시간 17분,,5시간 17분,7시간 57분,22:54~06:51,87%,,,
4월,10일,토,4시간 25분,,4시간 25분,6시간 17뷴,00:43~07:00,89%,,,
4월,11일,일,1시간 14분,,1시간 14분,7시간 22분,01:19~08:41,81%,,,
4월,12일,월,5시간 3분,,5시간 3분,7시간 45분,23:32~07:17,84%,,,
4월,13일,화,7시간 29분,,7시간 29분,7시간 34분,23:49~07:23,87%,,,
4월,14일,수,5시간 33분,7분,5시간 40분,6시간 4분,00:45~06:49,89%,,,
4월,15일,목,4시간 48분,,4시간 48분,7시간 5분,23:58~07:03,84%,,,
4월,16일,금,6시간 2분,,6시간 2분,6시간 28분,00:46~07:14,86%,,,
4월,17일,토,36분,,36분,7시간 32분,23:11~06:43,88%,,,
4월,18일,일,4시간 1분,,4시간 1분,8시간 30분,23:34~08:04,82%,,,
4월,19일,월,4시간 37분,,4시간 37분,7시간 34분,23:13~06:47,91%,,,
4월,20일,화,2시간 32분,,2시간 32분,6시간 1분,00:50~06:52,87%,,,
4월,21일,수,,,,8시간 52분,23:00~07:52,81%,,,
4월,22일,목,,,,8시간 5분,00:08~08:13,90%,,,
4월,23일,금,,1시간 9분,1시간 9분,8시간 24분,00:19~08:43,84%,,,
4월,24일,토,,17분,17분,8시간 9분,23:52~08:01,80%,,,
4월,25일,일,,,,,,,,,
4월,26일,월,48분,1시간 50분,2시간 39분,6시간 47분,00:17~07:04,84%,,,
4월,27일,화,27분,1시간 21분,1시간 48분,8시간 3분,00:04~08:36,83%,,,
4월,28일,수,,1시간 14분,1시간 14분,7시간 26분,23:40~07:06,84%,,,
4월,29일,목,,1시간 6분,1시간 6분,6시간 47분,01:15~08:02,83%,,,
4월,30일,금,48분,1시간 11분,1시간 59분,7시간 30분,23:39~07:09,83%,,,
5월,1일,토,,38분,38분,7시간 15분,01:13~08:28,84%,,,
5월,2일,일,1시간 9분,,1시간 9분,6시간 54분,02:27~09:21,77%,,,
5월,3일,월,2시간 17분,,2시간 17분,6시간 19분,01:12~07:31,88%,,,
5월,4일,화,4시간 1분,13분,4시간 14분,7시간 48분,23:54~07:42,83%,,,
5월,5일,수,3시간 10분,,3시간 10분,9시간 25분,23:54~09:19,82%,,,
5월,6일,목,3시간 2분,,3시간 2분,6시간 42분,23:55~06:37,91%,,,
5월,7일,금,3시간 7분,3분,3시간 10분,7시간 37분,23:51~07:28,87%,,,
5월,8일,토,,,,10시간 26분,22:49~09:15,83%,,,
5월,9일,일,3시간 17분,,3시간 17분,6시간 33분,01:05~07:38,81%,,,
5월,10일,월,3시간 2분,39분,3시간 41분,8시간 19분,23:10~07:29,85%,,,
5월,11일,화,1시간 55분,1시간 30분,3시간 25분,8시간 49분,23:15~08:04,88%,,,
5월,12일,수,42분,4시간 39분,5시간 21분,7시간 52분,23:32~07:24,88%,,,
5월,13일,목,2시간 44분,10분,2시간 55분,7시간 44분,00:32~08:16,87%,,,
5월,14일,금,2시간 41분,1시간 1분,3시간 42분,6시간 23분,00:59~07:22,88%,,,
5월,15일,토,,,,9시간 14분,23:22~08:36,83%,,,
5월,16일,일,1시간 12분,1시간 21분,2시간 33분,6시간 43분,01:08~07:51,74%,,,
5월,17일,월,34분,1분,36분,7시간 34분,23:43~07:19,87%,,,
5월,18일,화,1시간 30분,,1시간 30분,6시간 24분,00:11~06:35,83%,,,
5월,19일,수,1시간 34분,2시간 24분,3시간 58분,8시간 45분,23:28~08:13,88%,,,
5월,20일,목,26분,1시간 24분,1시간 50분,7시간 18분,00:08~07:26,87%,,,
5월,21일,금,40분,1시간 3분,1시간 43분,7시간 22분,23:51~07:13,88%,,,
5월,22일,토,,23분,23분,8시간 8분,23:36~07:44,84%,,,
5월,23일,일,1시간 2분,1시간,2시간 2분,7시간 16분,00:48~08:04,77%,,,
5월,24일,월,2시간 50분,57분,3시간 47분,6시간 43분,00:07~06:50,86%,,,
5월,25일,화,3시간 34분,25분,4시간,6시간 30분,00:29~06:59,82%,,,
5월,26일,수,2시간 57분,42분,3시간 40분,7시간 11분,00:21~07:32,86%,,,
5월,27일,목,1시간 32분,1시간 39분,3시간 12분,7시간 1분,00:44~07:45,83%,,,
5월,28일,금,4시간 11분,48분,5시간,6시간 22분,00:49~07:11,86%,,,
5월,29일,토,,,,7시간 17분,00:37~07:54,83%,,,
5월,30일,일,27분,1시간 34분,2시간 1분,9시간 30분,23:41~09:11,76%,,,
5월,31일,월,3시간 1분,1시간 21분,4시간 23분,7시간 48분,23:22~07:10,83%,,,
6월,1일,화,3시간 26분,8분,3시간 34분,6시간 25분,00:33~06:58,84%,,,
6월,2일,수,46분,1시간 53분,2시간 40분,6시간 58분,00:31~07:29,85%,,,
6월,3일,목,2시간 21분,14분,2시간 35분,7시간 21분,23:58~07:19,86%,,,
6월,4일,금,2시간 25분,25분,2시간 50분,5시간 51분,01:09~07:00,87%,,,
6월,5일,토,,,,8시간 3분,00:27~08:30,86%,,,
6월,6일,일,,1시간 5분,1시간 5분,,,,,,
6월,7일,월,4시간 23분,39분,5시간 3분,5시간 59분,00:21~06:20,88%,,,
6월,8일,화,6시간 31분,1시간 22분,7시간 53분,7시간 38분,23:22~07:00,85%,,,
6월,9일,수,6시간 6분,39분,6시간 45분,7시간 7분,23:53~07:00,90%,,,
6월,10일,목,7시간 4분,,7시간 4분,7시간 33분,23:36~07:09,85%,,,
6월,11일,금,4시간 33분,,4시간 33분,6시간 25분,00:39~07:04,83%,,,
6월,12일,토,7시간 7분,46분,7시간 54분,7시간 19분,00:04~07:23,87%,,,
6월,13일,일,2시간 51분,40분,3시간 32분,5시간 00분,03:04~08:04,88%,,,
6월,14일,월,6시간 6분,31분,6시간 37분,7시간 28분,23:41~07:09,85%,,,
6월,15일,화,3시간 56분,36분,4시간 33분,6시간 32분,00:23~07:03,85%,,,
6월,16일,수,1시간 17분,56분,2시간 14분,8시간 17분,23:19~07:36,88%,,,
6월,17일,목,2시간 53분,3시간 49분,6시간 42분,7시간 24분,23:58~07:22,87%,,,
6월,18일,금,22분,5시간 7분,5시간 30분,6시간 56분,00:35~07:31,82%,,,
6월,19일,토,,2시간 33분,2시간 33분,8시간 53분,23:37~08:30,84%,,,
6월,20일,일,,3시간 25분,3시간 25분,9시간 10분,00:40~09:50,78%,,,
6월,21일,월,2시간 10분,2시간 20분,4시간 31분,,,,,,
6월,22일,화,49분,20분,1시간 10분,9시간 33분,23:08~08:41,85%,,,
6월,23일,수,56분,6분,1시간 3분,7시간 7분,00:33~07:40,83%,,,
6월,24일,목,1시간 54분,,1시간 54분,9시간 12분,23:33~08:45,85%,,,
6월,25일,금,,,,6시간 27분,01:19~07:46,83%,,,
6월,26일,토,,,,8시간 42분,00:41~09:23,79%,,,
6월,27일,일,2시간,,2시간,8시간 45분,01:18~10:03,77%,,,
6월,28일,월,5시간 11분,,5시간 11분,7시간 40분,23:48~07:28,83%,,,
6월,29일,화,2시간 8분,1시간 46분,3시간 55분,8시간 20분,23:40~08:00,84%,,,
6월,30일,수,2시간 40분,50분,3시간 31분,7시간 39분,23:22~07:01,82%,,,
7월,1일,목,1시간 11분,41분,1시간 53분,6시간 13분,00:56~07:09,85%,,,
7월,2일,금,3시간 23분,,3시간 23분,7시간 50분,23:43~07:33,88%,,,
7월,3일,토,37분,,37분,10시간 2분,11:39~09:41,84%,,,
7월,4일,일,2시간 44분,,2시간 44분,6시간 24분,02:59~09:23,78%,,,
7월,5일,월,3시간 8분,,3시간 8분,7시간 10분,00:14~07:24,84%,,,
7월,6일,화,4시간 2분,5분,4시간 7분,6시간 45분,00:26~07:11,90%,,,
7월,7일,수,2시간 7분,24분,2시간 31분,9시간 58분,23:49~09:47,87%,,,
7월,8일,목,4시간 25분,,4시간 25분,7시간 19분,00:03~07:22,85%,,,
7월,9일,금,2시간 7분,,2시간 7분,8시간 5분,23:15~07:20,83%,,,
7월,10일,토,1시간 8분,,1시간 8분,7시간 8분,23:55~07:03,82%,,,
7월,11일,일,3시간 28분,,3시간 28분,5시간 44분,00:44~06:30,77%,,,
7월,12일,월,2시간 54분,16분,3시간 10분,8시간 3분,00:35~08:38,83%,,,
7월,13일,화,3시간 7분,15분,2시간 23분,8시간 6분,23:23~07:29,85%,,,
7월,14일,수,4시간 57분,,4시간 57분,8시간 13분,23:18~07:31,82%,,,
7월,15일,목,3시간 55분,23분,4시간 18분,8시간 3분,23:41~07:44,80%,,,
7월,16일,금,4시간 11분,,4시간 11분,6시간 29분,00:46~07:15,86%,,,
7월,17일,토,,,,10시간 10분,00:01~10:11,86%,,,
7월,18일,일,,,,,,,,,
7월,19일,월,,,,,,,,,
7월,20일,화,,,,,,,,,
7월,21일,수,,,,,,,,,
7월,22일,목,,,,,,,,,
7월,23일,금,,,,,,,,,
7월,24일,토,,,,,,,,,
7월,25일,일,,,,,,,,,
7월,26일,월,,,,,,,,,
7월,27일,화,,,,,,,,,
7월,28일,수,,,,,,,,,
7월,29일,목,,,,,,,,,
7월,30일,금,,,,,,,,,
7월,31일,토,,,,,,,,,
8월,1일,일,,,,,,,,,
8월,2일,월,,,,,,,,,
8월,3일,화,,,,,,,,,
8월,4일,수,,,,,,,,,
8월,5일,목,,,,,,,,,
8월,6일,금,,,,,,,,,
8월,7일,토,,,,,,,,,
8월,8일,일,,,,,,,,,
8월,9일,월,,,,,,,,,
8월,10일,화,,,,,,,,,
8월,11일,수,,,,,,,,,
8월,12일,목,,,,,,,,,
8월,13일,금,,,,,,,,,
8월,14일,토,,,,,,,,,
8월,15일,일,,,,,,,,,
8월,16일,월,,,,,,,,,
8월,17일,화,,,,,,,,,
8월,18일,수,,,,,,,,,
8월,19일,목,,,,,,,,,
8월,20일,금,,,,,,,,,
8월,21일,토,,,,,,,,,
8월,22일,일,,,,,,,,,
8월,23일,월,,,,,,,,,
8월,24일,화,,,,,,,,,
8월,25일,수,,,,,,,,,
8월,26일,목,,,,,,,,,
8월,27일,금,,,,,,,,,
8월,28일,토,,,,,,,,,
8월,29일,일,,,,,,,,,
8월,30일,월,,,,,,,,,
8월,31일,화,,,,,,,,,
,,수,,,,,,,,,
,,목,,,,,,,,,
,,금,,,,,,,,,
,,토,,,,,,,,,
,,일,,,,,,,,,
,,월,,,,,,,,,
,,화,,,,,,,,,
,,수,,,,,,,,,
,,목,,,,,,,,,
,,금,,,,,,,,,
,,토,,,,,,,,,
,,일,,,,,,,,,
,,월,,,,,,,,,
,,화,,,,,,,,,
,,수,,,,,,,,,
,,목,,,,,,,,,
,,금,,,,,,,,,
,,토,,,,,,,,,
,,일,,,,,,,,,
,,월,,,,,,,,,
,,화,,,,,,,,,
,,수,,,,,,,,,
,,목,,,,,,,,,
,,금,,,,,,,,,
,,토,,,,,,,,,
,,일,,,,,,,,,
,,월,,,,,,,,,
,,화,,,,,,,,,
,,수,,,,,,,,,
,,목,,,,,,,,,
,,금,,,,,,,,,
,,토,,,,,,,,,
,,일,,,,,,,,,
,,월,,,,,,,,,
,,화,,,,,,,,,
,,수,,,,,,,,,
,,목,,,,,,,,,
,,금,,,,,,,,,
,,토,,,,,,,,,
,,일,,,,,,,,,
,,월,,,,,,,,,
,,화,,,,,,,,,
,,수,,,,,,,,,
,,목,,,,,,,,,
,,금,,,,,,,,,
,,토,,,,,,,,,
,,일,,,,,,,,,
,,월,,,,,,,,,
,,화,,,,,,,,,
,,수,,,,,,,,,
,,목,,,,,,,,,
,,금,,,,,,,,,
,,토,,,,,,,,,
,,일,,,,,,,,,
,,월,,,,,,,,,
,,화,,,,,,,,,
,,수,,,,,,,,,
,,목,,,,,,,,,
,,금,,,,,,,,,
,,토,,,,,,,,,
,,일,,,,,,,,,
,,월,,,,,,,,,
,,화,,,,,,,,,
,,수,,,,,,,,,
,,목,,,,,,,,,
,,금,,,,,,,,,
,,토,,,,,,,,,
,,일,,,,,,,,,
,,월,,,,,,,,,
,,화,,,,,,,,,
,,수,,,,,,,,,
,,목,,,,,,,,,
,,금,,,,,,,,,
,,토,,,,,,,,,
,,일,,,,,,,,,
,,월,,,,,,,,,
,,화,,,,,,,,,
,,수,,,,,,,,,
,,목,,,,,,,,,
,,금,,,,,,,,,
,,토,,,,,,,,,
,,일,,,,,,,,,
,,월,,,,,,,,,
,,화,,,,,,,,,
,,수,,,,,,,,,
,,목,,,,,,,,,
,,금,,,,,,,,,
,,토,,,,,,,,,
,,일,,,,,,,,,
,,월,,,,,,,,,
,,화,,,,,,,,,
,,수,,,,,,,,,
,,목,,,,,,,,,
,,금,,,,,,,,,
,,토,,,,,,,,,
,,일,,,,,,,,,
,,월,,,,,,,,,
,,화,,,,,,,,,
,,수,,,,,,,,,
,,목,,,,,,,,,
,,금,,,,,,,,,
,,토,,,,,,,,,
,,일,,,,,,,,,
,,월,,,,,,,,,
,,화,,,,,,,,,
,,수,,,,,,,,,
,,목,,,,,,,,,
,,금,,,,,,,,,
,,토,,,,,,,,,
,,일,,,,,,,,,
,,월,,,,,,,,,
,,화,,,,,,,,,
,,수,,,,,,,,,
,,목,,,,,,,,,
,,금,,,,,,,,,
,,토,,,,,,,,,
,,일,,,,,,,,,
,,월,,,,,,,,,
,,화,,,,,,,,,
,,수,,,,,,,,,
,,목,,,,,,,,,
,,금,,,,,,,,,
,,토,,,,,,,,,
,,일,,,,,,,,,
,,월,,,,,,,,,
,,화,,,,,,,,,
,,수,,,,,,,,,
,,목,,,,,,,,,
,,금,,,,,,,,,
,,토,,,,,,,,,
,,일,,,,,,,,,
,,월,,,,,,,,,
,,화,,,,,,,,,
,,수,,,,,,,,,
,,목,,,,,,,,,
,,금,,,,,,,,,
,,토,,,,,,,,,
,,일,,,,,,,,,
,,월,,,,,,,,,
,,화,,,,,,,,,
,,수,,,,,,,,,
,,목,,,,,,,,,
,,금,,,,,,,,,
,,토,,,,,,,,,
,,일,,,,,,,,,
,,월,,,,,,,,,
,,화,,,,,,,,,
,,수,,,,,,,,,
,,목,,,,,,,,,
,,금,,,,,,,,,
,,토,,,,,,,,,
,,일,,,,,,,,,
,,월,,,,,,,,,
,,화,,,,,,,,,
,,수,,,,,,,,,
,,목,,,,,,,,,
,,금,,,,,,,,,
,,토,,,,,,,,,
,,일,,,,,,,,,
,,월,,,,,,,,,
,,화,,,,,,,,,
,,수,,,,,,,,,
,,목,,,,,,,,,
,,금,,,,,,,,,
,,토,,,,,,,,,
,,일,,,,,,,,,
,,월,,,,,,,,,
,,화,,,,,,,,,
,,수,,,,,,,,,
,,목,,,,,,,,,
,,금,,,,,,,,,
,,토,,,,,,,,,
,,일,,,,,,,,,
,,월,,,,,,,,,
,,화,,,,,,,,,
,,수,,,,,,,,,
,,목,,,,,,,,,
,,금,,,,,,,,,
,,토,,,,,,,,,
,,일,,,,,,,,,
,,월,,,,,,,,,
,,화,,,,,,,,,
,,수,,,,,,,,,
,,목,,,,,,,,,
,,금,,,,,,,,,
,,토,,,,,,,,,
,,일,,,,,,,,,
,,월,,,,,,,,,
,,화,,,,,,,,,
,,수,,,,,,,,,
,,목,,,,,,,,,
,,금,,,,,,,,,
,,토,,,,,,,,,
,,일,,,,,,,,,
,,월,,,,,,,,,
,,화,,,,,,,,,
,,수,,,,,,,,,
,,목,,,,,,,,,
,,금,,,,,,,,,
,,토,,,,,,,,,
,,일,,,,,,,,,
,,월,,,,,,,,,
,,화,,,,,,,,,
,,수,,,,,,,,,
,,목,,,,,,,,,
,,금,,,,,,,,,
,,토,,,,,,,,,
,,일,,,,,,,,,
,,월,,,,,,,,,
,,화,,,,,,,,,
,,수,,,,,,,,,
,,목,,,,,,,,,
,,금,,,,,,,,,
,,토,,,,,,,,,
,,일,,,,,,,,,
,,월,,,,,,,,,
,,화,,,,,,,,,
,,수,,,,,,,,,
,,목,,,,,,,,,
,,금,,,,,,,,,
,,토,,,,,,,,,
,,일,,,,,,,,,
,,월,,,,,,,,,
,,화,,,,,,,,,
,,수,,,,,,,,,
,,목,,,,,,,,,
,,금,,,,,,,,,
,,토,,,,,,,,,
,,일,,,,,,,,,
,,월,,,,,,,,,
,,화,,,,,,,,,
,,수,,,,,,,,,
,,목,,,,,,,,,
,,금,,,,,,,,,
,,토,,,,,,,,,
,,일,,,,,,,,,
,,월,,,,,,,,,
,,화,,,,,,,,,
,,수,,,,,,,,,
,,목,,,,,,,,,
,,금,,,,,,,,,
,,토,,,,,,,,,
,,일,,,,,,,,,
,,월,,,,,,,,,
,,화,,,,,,,,,
